Date (date),country_name,ISO Alpha 3 Code (alpha_3_code),Country Code (country_code),Region Name (region),Region Code (region_code),Sub-Region Name (sub_region),Sub-Region Code (sub_region_code),Harmonized System Code (hs_code),commodity,unit,quantity,value_inr,value_usd,date
2024-04-01,United Arab Emirates,ARE,784,Asia,142,Western Asia,145,84194090,Others,Nos,1.0,0.12,0.01,2024-04-01
2019-08-01,Thailand,THA,764,Asia,142,South-eastern Asia,35,85023100,Othr Generating Sets; Wind Powered,Nos,0.0,2.6,0.0,2019-08-01
2019-09-01,Viet Nam,VNM,704,Asia,142,South-eastern Asia,35,30049036,Chenodiol And Ursodiol,Kgs,0.0,0.03,0.0,2019-09-01
2017-03-01,Hong Kong,HKG,344,Asia,142,Eastern Asia,30,85437069,Other Amplifier,Nos,0.0,12.03,0.02,2017-03-01
2015-07-01,Afghanistan,AFG,4,Asia,142,Southern Asia,34,54078490,Others,Sqm,0.06,0.64,0.0,2015-07-01
2018-11-01,Bhutan,BTN,64,Asia,142,Southern Asia,34,84349010,Parts Of Milking Machinery,Kgs,0.0,0.01,0.0,2018-11-01
2016-08-01,Turkiye,TUR,792,Asia,142,Western Asia,145,52054310,Grey,Kgs,21.4,47.21,0.07,2016-08-01
2025-02-01,Kuwait,KWT,414,Asia,142,Western Asia,145,84123900,Othr Pneumatic Power Engines And Motors,Nos,10.0,0.0,0.0,2025-02-01
2024-11-01,United Arab Emirates,ARE,784,Asia,142,Western Asia,145,94069090,Other,Nos,7036.0,3.36,0.4,2024-11-01
2020-09-01,Turkiye,TUR,792,Asia,142,Western Asia,145,36030020,*Detonating Fuses,Kgs,39.29,230.41,0.31,2020-09-01
2021-11-01,Saudi Arabia,SAU,682,Asia,142,Western Asia,145,85444299,Othr Elctrc Cndctrs Fitted Wth Connctrs Used In Telecom Fr <=1000V Excl Papr Plsctic And Rubber Insulated,Mtr,4.45,19.2,0.03,2021-11-01
2016-10-01,Israel,ISR,376,Asia,142,Western Asia,145,18069090,Other Food Preparations Containing Cocoa,Kgs,5.0,20.0,0.03,2016-10-01
2019-05-01,United Arab Emirates,ARE,784,Asia,142,Western Asia,145,85015310,"A.C. Squirrel Cage Induction Motors, 3 Phase Type",Nos,0.0,0.49,0.0,2019-05-01
2024-07-01,United Arab Emirates,ARE,784,Asia,142,Western Asia,145,73269040,Enamld Irn Ware(Excl Utnsl And Sign Bord),Kgs,155.0,0.0,0.0,2024-07-01
2018-10-01,Turkiye,TUR,792,Asia,142,Western Asia,145,38241000,Prpd Binders Fr Foundry Moulds/Cores,Kgs,40.0,15.05,0.02,2018-10-01
2021-06-01,Sri Lanka,LKA,144,Asia,142,Southern Asia,34,38029011,Activated Alumina,Kgs,0.2,0.38,0.0,2021-06-01
2020-11-01,United Arab Emirates,ARE,784,Asia,142,Western Asia,145,84149019,"Prts Of Othr Air/Vacum Pumps,Cmprssrs And Fans",Kgs,1.32,16.91,0.02,2020-11-01
2024-12-01,United Arab Emirates,ARE,784,Asia,142,Western Asia,145,20031000,Mushrooms Prepd/Prsvd,Kgs,2.0,0.01,0.0,2024-12-01
2018-08-01,Viet Nam,VNM,704,Asia,142,South-eastern Asia,35,30039021,Menthol Crystal,Kgs,0.4,9.58,0.01,2018-08-01
2020-02-01,Republic of Korea,KOR,410,Asia,142,Eastern Asia,30,85021100,Genrtng Sets Wth Cmprssn Igntn Intrnl Cmbstn Pstn Engns(Diesl/Semi-Diesl Engns) Of An Output Nt Excdng 75 Kva,Nos,0.0,14.93,0.02,2020-02-01
2024-06-01,United Arab Emirates,ARE,784,Asia,142,Western Asia,145,84716090,Other,Nos,353.0,0.21,0.03,2024-06-01
2017-09-01,Yemen,YEM,887,Asia,142,Western Asia,145,30049099,Other Medcne Put Up For Retail Sale N.E.S,Kgs,52.91,720.93,1.12,2017-09-01
2024-06-01,Viet Nam,VNM,704,Asia,142,South-eastern Asia,35,29054300,Mannitol,Kgs,7.0,0.0,0.0,2024-06-01
2021-11-01,Bangladesh,BGD,50,Asia,142,Southern Asia,34,84621019,Other Hammers,Nos,0.01,10.78,0.01,2021-11-01
2024-06-01,Sri Lanka,LKA,144,Asia,142,Southern Asia,34,29280090,Othr Orgnc Drvts Of Hydrazine/Hydrxylmine,Kgs,1.0,0.0,0.0,2024-06-01
2016-08-01,Oman,OMN,512,Asia,142,Western Asia,145,84839000,Parts Of The Items Of Hdg 8483,Kgs,0.07,0.59,0.0,2016-08-01
2024-12-01,Maldives,MDV,462,Asia,142,Southern Asia,34,9093119,Other Seeds Of Black Cummin Neither Crushed Nor Ground,Kgs,1875.0,0.05,0.01,2024-12-01
2019-02-01,Nepal,NPL,524,Asia,142,Southern Asia,34,87060042,Chassis Fr Vhcls Hdng 8704 Excp Petrl Drvn,Nos,0.1,1304.67,1.83,2019-02-01
2019-08-01,Bhutan,BTN,64,Asia,142,Southern Asia,34,90021900,Other Objective Lenses,Nos,0.01,0.01,0.0,2019-08-01
2015-10-01,Singapore,SGP,702,Asia,142,South-eastern Asia,35,19059040,Papad,Kgs,42.2,50.48,0.08,2015-10-01
2018-10-01,Bangladesh,BGD,50,Asia,142,Southern Asia,34,84831099,Other Trnsmsn Shft(Incl Cam And Crnk Shft),Nos,19.91,71.88,0.1,2018-10-01
2020-10-01,United Arab Emirates,ARE,784,Asia,142,Western Asia,145,90291090,Other,Nos,0.29,2.22,0.0,2020-10-01
2019-11-01,United Arab Emirates,ARE,784,Asia,142,Western Asia,145,85472000,Insltng Fttngs Of Plastics,Kgs,19.0,105.79,0.15,2019-11-01
2015-10-01,Singapore,SGP,702,Asia,142,South-eastern Asia,35,87149290,Others,Nos,0.02,0.28,0.0,2015-10-01
2015-09-01,Kuwait,KWT,414,Asia,142,Western Asia,145,3028990,Other,Kgs,70.76,337.36,0.51,2015-09-01
2024-05-01,United Arab Emirates,ARE,784,Asia,142,Western Asia,145,48239014,Paper For Cigarette Filter Tips,Kgs,23436.0,1.5,0.18,2024-05-01
2024-07-01,Thailand,THA,764,Asia,142,South-eastern Asia,35,85361090,Others,Nos,194.0,0.01,0.0,2024-07-01
2021-02-01,Sri Lanka,LKA,144,Asia,142,Southern Asia,34,28332990,"Other Sulphates, Nes",Kgs,0.23,0.49,0.0,2021-02-01
2021-02-01,Sri Lanka,LKA,144,Asia,142,Southern Asia,34,55151190,"Fbrc Of Polstr,Mxd Wth Viscos Ryon,Othrs",Sqm,6.56,7.77,0.01,2021-02-01
2017-03-01,Kyrgyzstan,KGZ,417,Asia,142,Central Asia,143,62046990,"Trousers,Bib Etc Of Other Fibres",Nos,0.12,0.82,0.0,2017-03-01
2018-09-01,Turkiye,TUR,792,Asia,142,Western Asia,145,29331990,*Other Compnds Cntng An Unfused Pyrazole Ring (W/N Hydrgntd) In Srucvre,Kgs,2.9,303.85,0.42,2018-09-01
2018-04-01,Oman,OMN,512,Asia,142,Western Asia,145,84485190,"Snkrs,Nedl Etc. Of Other Txtl Machinery",Kgs,0.0,0.23,0.0,2018-04-01
2021-12-01,Lebanon,LBN,422,Asia,142,Western Asia,145,12119022,Senna Leaves And Pads,Kgs,11.0,9.29,0.01,2021-12-01
2021-08-01,Bangladesh,BGD,50,Asia,142,Southern Asia,34,32041552,Vat Blue 4,Kgs,4.16,94.92,0.13,2021-08-01
2018-07-01,Bhutan,BTN,64,Asia,142,Southern Asia,34,73079210,Galvanised,Kgs,1.1,2.07,0.0,2018-07-01
2020-10-01,Bahrain,BHR,48,Asia,142,Western Asia,145,42050090,Others,Kgs,0.02,0.73,0.0,2020-10-01
2017-01-01,Indonesia,IDN,360,Asia,142,South-eastern Asia,35,70132800,Other,Kgs,0.01,0.01,0.0,2017-01-01
2024-10-01,Nepal,NPL,524,Asia,142,Southern Asia,34,28333090,Other Alums,Kgs,22610.0,0.05,0.01,2024-10-01
2021-09-01,United Arab Emirates,ARE,784,Asia,142,Western Asia,145,29124200,Ethylvanilin (3-Ethoxy-4-Hydroxybnzldhyd),Kgs,0.03,0.41,0.0,2021-09-01
2019-11-01,Philippines,PHL,608,Asia,142,South-eastern Asia,35,28419000,"Other Salts Of Oxometallic Or Peroxometallic Acids, Nes",Kgs,0.0,0.01,0.0,2019-11-01
2018-04-01,Sri Lanka,LKA,144,Asia,142,Southern Asia,34,82051000,Drilling Threading Or Taping Tools,Kgs,0.24,0.12,0.0,2018-04-01
2019-04-01,Qatar,QAT,634,Asia,142,Western Asia,145,21011190,Other Exrcts Essncs And Cncntrts Of Coffee,Kgs,5.6,10.27,0.01,2019-04-01
2016-03-01,Indonesia,IDN,360,Asia,142,South-eastern Asia,35,28275990,Bromides And Oxybromides N E S,Kgs,0.95,5.14,0.01,2016-03-01
2019-12-01,Republic of Korea,KOR,410,Asia,142,Eastern Asia,30,39269061,Hangers Of Polyurethane Foam,Kgs,0.04,0.03,0.0,2019-12-01
2020-11-01,United Arab Emirates,ARE,784,Asia,142,Western Asia,145,54071099,Othr Polyester Fbrcs Nes,Sqm,658.44,332.1,0.45,2020-11-01
2015-08-01,Sri Lanka,LKA,144,Asia,142,Southern Asia,34,84198190,"Othr Machinry,Plant And Equipment For Makinghot Drinks Or For Cooking/Heating Food",Nos,0.0,6.18,0.01,2015-08-01
2015-06-01,China,CHN,156,Asia,142,Eastern Asia,30,98030000,Dutiable Passengers/Crews Baggage,Kgs,10.24,6.39,0.01,2015-06-01
2020-07-01,Nepal,NPL,524,Asia,142,Southern Asia,34,30051020,Adhesive Tape (Medicinal),Kgs,0.69,7.47,0.01,2020-07-01
2019-09-01,Qatar,QAT,634,Asia,142,Western Asia,145,2042100,"Crcs And Hlf Crcs Of Sheep,Frsh Or Chld",Kgs,100.01,464.03,0.65,2019-09-01
2019-06-01,Saudi Arabia,SAU,682,Asia,142,Western Asia,145,84253900,Other Winches;Capstans,Nos,0.07,21.94,0.03,2019-06-01
2017-11-01,United Arab Emirates,ARE,784,Asia,142,Western Asia,145,84079090,Others,Nos,0.09,13.79,0.02,2017-11-01
2024-09-01,Lebanon,LBN,422,Asia,142,Western Asia,145,90269000,Prtsandaccssrs Of Insrmnts/Apprts Of Hdg9026,Nos,100.0,0.0,0.0,2024-09-01
2024-07-01,Bhutan,BTN,64,Asia,142,Southern Asia,34,15155091,Sesame Oiland Its Fractions Other Thn Crudeof Edble Grade,Kgs,257.0,0.03,0.0,2024-07-01
2016-01-01,Viet Nam,VNM,704,Asia,142,South-eastern Asia,35,28332940,Manganese Sulphate,Kgs,0.05,0.48,0.0,2016-01-01
2016-04-01,Pakistan,PAK,586,Asia,142,Southern Asia,34,84821052,Ball Bearings(Thrust Type)>50 Mm Or 2 Inches Bore Diameter But<=100Mm Or 4 Inches Bore Diameter,Nos,1.39,3.93,0.01,2016-04-01
2016-07-01,Nepal,NPL,524,Asia,142,Southern Asia,34,84144010,Reciprocating Air Compressors,Nos,0.02,2.72,0.0,2016-07-01
2017-11-01,Indonesia,IDN,360,Asia,142,South-eastern Asia,35,9096139,Other Seeds Of Caraway Or Fennel,Kgs,44.0,22.98,0.04,2017-11-01
2016-06-01,Sri Lanka,LKA,144,Asia,142,Southern Asia,34,84158290,Othr Air Cndtng Mchns Incrprtng A Rfrgrtngunit,Nos,0.39,76.62,0.11,2016-06-01
2018-09-01,Hong Kong,HKG,344,Asia,142,Eastern Asia,30,42023120,Wallets And Purses Of Leather,Nos,29.87,243.01,0.34,2018-09-01
2024-12-01,United Arab Emirates,ARE,784,Asia,142,Western Asia,145,44199010,"Bread Boards, Chopping Boards And Similar Boards",Kgs,68.0,0.0,0.0,2024-12-01
2024-06-01,Azerbaijan,AZE,31,Asia,142,Western Asia,145,30042019,Other Cephalosporins And Their Derivatives,Kgs,936.0,0.11,0.01,2024-06-01
2020-09-01,Bhutan,BTN,64,Asia,142,Southern Asia,34,85078000,Other Accumulators,Nos,0.0,0.02,0.0,2020-09-01
2018-12-01,Nepal,NPL,524,Asia,142,Southern Asia,34,63041100,"Bedspreads,Knitted Or Crocheted",Nos,0.65,0.99,0.0,2018-12-01
2018-10-01,Indonesia,IDN,360,Asia,142,South-eastern Asia,35,39172190,Others,Kgs,0.04,0.42,0.0,2018-10-01
2015-03-01,Nepal,NPL,524,Asia,142,Southern Asia,34,90181290,Othr Electro-Diagnostc Aparatus,Nos,0.21,8.78,0.01,2015-03-01
2019-09-01,United Arab Emirates,ARE,784,Asia,142,Western Asia,145,68042210,Grndng Wheels Of Synthetc Abrasive Grains,Kgs,43.46,1739.31,2.44,2019-09-01
2021-04-01,Singapore,SGP,702,Asia,142,South-eastern Asia,35,85051110,Ferrite Cores,Kgs,0.88,6.87,0.01,2021-04-01
2018-04-01,Sri Lanka,LKA,144,Asia,142,Southern Asia,34,54078126,Blechd Polyester Dhuti,Sqm,16.7,9.48,0.01,2018-04-01
2020-04-01,Israel,ISR,376,Asia,142,Western Asia,145,90183990,Others,Nos,6.94,16.96,0.02,2020-04-01
2016-09-01,Maldives,MDV,462,Asia,142,Southern Asia,34,90189019,Othr Diagonostics Instruments,Nos,0.1,1.11,0.0,2016-09-01
2024-08-01,Israel,ISR,376,Asia,142,Western Asia,145,30029090,Other,Kgs,156.0,0.09,0.01,2024-08-01
2017-10-01,Kazakhstan,KAZ,398,Asia,142,Central Asia,143,32064990,Other Preparations,Kgs,12.0,15.48,0.02,2017-10-01
2019-06-01,Nepal,NPL,524,Asia,142,Southern Asia,34,30045090,Others Put Up For Retail Sale,Kgs,5.99,91.5,0.13,2019-06-01
2024-12-01,Nepal,NPL,524,Asia,142,Southern Asia,34,39123919,Other Cellulose Ethers Non-Plasticized,Kgs,4935.0,0.33,0.04,2024-12-01
2024-09-01,China,CHN,156,Asia,142,Eastern Asia,30,85392930,Miniature Bulbs,Nos,5.0,0.0,0.0,2024-09-01
2016-10-01,Kuwait,KWT,414,Asia,142,Western Asia,145,74199930,*Articles Of Brass,Kgs,9.69,70.08,0.1,2016-10-01
2019-09-01,Islamic Republic of Iran,IRN,364,Asia,142,Southern Asia,34,85161000,Elctrc Instantaneous Or Storage Water Heaters And Immersion Heaters,Nos,0.01,0.26,0.0,2019-09-01
2016-12-01,United Arab Emirates,ARE,784,Asia,142,Western Asia,145,9081120,Shelled,Kgs,34.32,196.0,0.29,2016-12-01
2020-11-01,Nepal,NPL,524,Asia,142,Southern Asia,34,73079290,Non-Galvanised,Kgs,4.25,16.64,0.02,2020-11-01
2018-06-01,Bahrain,BHR,48,Asia,142,Western Asia,145,82077090,Othr Tools For Milling,Kgs,0.01,0.44,0.0,2018-06-01
2024-12-01,Maldives,MDV,462,Asia,142,Southern Asia,34,85129000,Parts Of Elctrcl Lightng/Signalng Equip,Kgs,7.0,0.01,0.0,2024-12-01
2024-04-01,Kuwait,KWT,414,Asia,142,Western Asia,145,30049091,"Salbutamol, Terbutaline, Ephedrine, Salmeterol And Methyl Xanthimes",Kgs,2.0,0.01,0.0,2024-04-01
2016-04-01,Malaysia,MYS,458,Asia,142,South-eastern Asia,35,90041000,Sunglasses,Nos,0.57,1.68,0.0,2016-04-01
2021-09-01,Bangladesh,BGD,50,Asia,142,Southern Asia,34,32041620,Reactive Oranges,Kgs,152.9,246.27,0.33,2021-09-01
2020-05-01,Malaysia,MYS,458,Asia,142,South-eastern Asia,35,28322090,Other Sulphite,Kgs,225.6,64.8,0.09,2020-05-01
2018-12-01,Qatar,QAT,634,Asia,142,Western Asia,145,39073010,Epoxy Resins,Kgs,34.65,75.7,0.11,2018-12-01
2020-11-01,Bahrain,BHR,48,Asia,142,Western Asia,145,61069090,Blouses Etc Of Other Fibres,Nos,0.14,0.73,0.0,2020-11-01
2021-01-01,Singapore,SGP,702,Asia,142,South-eastern Asia,35,15155010,Crude Sesame Oil And Its Fractions,Kgs,0.26,0.56,0.0,2021-01-01
2018-09-01,Singapore,SGP,702,Asia,142,South-eastern Asia,35,39253000,Shutters Blinds(Including Venetian Blinds)And Similar Articles And Parts Thereof,Kgs,1.1,16.45,0.02,2018-09-01
2019-07-01,Oman,OMN,512,Asia,142,Western Asia,145,32041720,Pigment Oranges,Kgs,0.12,2.08,0.0,2019-07-01
2017-03-01,Bangladesh,BGD,50,Asia,142,Southern Asia,34,25181000,Dolomite Not Calcined Or Sintered,Kgs,1098.0,43.14,0.07,2017-03-01
2021-03-01,Japan,JPN,392,Asia,142,Eastern Asia,30,85011012,Stepper Motor Wth Output <=37.5 W,Nos,0.12,1.38,0.0,2021-03-01
2019-09-01,Maldives,MDV,462,Asia,142,Southern Asia,34,30049067,"Ketorolac, Nimesulide, Nabumetone And Nefopam",Kgs,0.0,6.98,0.01,2019-09-01
2015-12-01,Indonesia,IDN,360,Asia,142,South-eastern Asia,35,50072090,Items Othr Thn Sarees Contng >85% By Wt Of Slk Etc.,Sqm,0.0,0.08,0.0,2015-12-01
2015-06-01,United Arab Emirates,ARE,784,Asia,142,Western Asia,145,73042400,"Other, Of Stainless Steel",Kgs,0.07,0.38,0.0,2015-06-01
2019-08-01,United Arab Emirates,ARE,784,Asia,142,Western Asia,145,9023020,Black Tea In Packt>25 Gm But<=1 Kg,Kgs,76.75,291.0,0.41,2019-08-01
2019-03-01,Philippines,PHL,608,Asia,142,South-eastern Asia,35,65069100,Other Headgear Of Rubber Or Of Plastics,Kgs,0.1,0.27,0.0,2019-03-01
2020-01-01,Nepal,NPL,524,Asia,142,Southern Asia,34,13023290,"Othr Mucilages Thicknrs W/N Modifd,Derivd From Locust Beans Or Locust Bean Seed",Kgs,6.5,3.76,0.01,2020-01-01
2024-06-01,Macao,MAC,446,Asia,142,Eastern Asia,30,61112000,Babies Garments Etc Of Cotton,Kgs,2.0,0.0,0.0,2024-06-01
2015-10-01,China,CHN,156,Asia,142,Eastern Asia,30,85287218,Lcd Ctv Set Of Screen Size Below 63 Cm,Nos,0.0,1.95,0.0,2015-10-01
2024-12-01,United Arab Emirates,ARE,784,Asia,142,Western Asia,145,33049910,Creams Face (Excl Turmaric),Kgs,53101.0,6.66,0.78,2024-12-01
2015-07-01,Nepal,NPL,524,Asia,142,Southern Asia,34,62114210,Kurta And Salwar Wth/Wthout Dupta Of Cotn,Nos,8.2,30.43,0.05,2015-07-01
2020-07-01,Malaysia,MYS,458,Asia,142,South-eastern Asia,35,73209020,Spring Pins,Kgs,0.01,0.03,0.0,2020-07-01
2021-10-01,United Arab Emirates,ARE,784,Asia,142,Western Asia,145,85437012,Metal Detector,Nos,0.03,156.38,0.21,2021-10-01
2015-05-01,Bangladesh,BGD,50,Asia,142,Southern Asia,34,85392990,Oters,Nos,581.9,41.81,0.07,2015-05-01
2021-07-01,Singapore,SGP,702,Asia,142,South-eastern Asia,35,73090090,"Reservrs,Tanks,Vats Etc.Of Irn/Stl N.E.S.",Kgs,20.1,90.56,0.12,2021-07-01
2020-09-01,Malaysia,MYS,458,Asia,142,South-eastern Asia,35,38210000,Prpd Cultr Media Fr Micro-Orgnsms Dvlpmnt,Kgs,1.28,31.76,0.04,2020-09-01
2021-01-01,Iraq,IRQ,368,Asia,142,Western Asia,145,84099112,Pistons,Kgs,0.24,3.36,0.0,2021-01-01
2016-01-01,Saudi Arabia,SAU,682,Asia,142,Western Asia,145,3062200,*Lobster(Homarus Spp) Not Frozen,Kgs,0.07,0.38,0.0,2016-01-01
2025-03-01,Nepal,NPL,524,Asia,142,Southern Asia,34,33059030,Hair Cream,Kgs,4398.0,1.36,0.16,2025-03-01
2024-11-01,Bhutan,BTN,64,Asia,142,Southern Asia,34,84306100,"Tamping/Compacting Mchnry,Nt Slf-Prpld",Nos,1.0,0.01,0.0,2024-11-01
2024-07-01,Republic of Korea,KOR,410,Asia,142,Eastern Asia,30,38123910,Anti-Oxidants For Rubber,Kgs,3300.0,0.15,0.02,2024-07-01
2020-01-01,Myanmar,MMR,104,Asia,142,South-eastern Asia,35,84811000,Pressure-Reducing Valves,Kgs,0.1,2.66,0.0,2020-01-01
2019-06-01,Bangladesh,BGD,50,Asia,142,Southern Asia,34,39162099,Other Of Other Polmrs Of Vinyl Chlride,Kgs,0.12,0.94,0.0,2019-06-01
2020-10-01,Viet Nam,VNM,704,Asia,142,South-eastern Asia,35,9109911,Celery Seed,Kgs,0.2,0.19,0.0,2020-10-01
2018-01-01,Iraq,IRQ,368,Asia,142,Western Asia,145,21012090,Othr Extrcts Essncsand Cncntrts Of Tea/Mate,Kgs,3.86,22.91,0.04,2018-01-01
2019-12-01,Saudi Arabia,SAU,682,Asia,142,Western Asia,145,85319000,Parts Of Signaling/Traffic Control Eqpmnt,Kgs,0.04,7.56,0.01,2019-12-01
2017-02-01,Japan,JPN,392,Asia,142,Eastern Asia,30,71039910,*Felspar (Moon Stone) Cut,Crt,5.99,7.31,0.01,2017-02-01
2020-02-01,Thailand,THA,764,Asia,142,South-eastern Asia,35,74040022,"Brass Scrap Covered By Isri Code Drink , Ebony,Enerv,Elder,Engel,Erin,Grape,Honey, Ivory,Label,Lark,Malon,Night,Noble,",Kgs,0.01,0.02,0.0,2020-02-01
2021-03-01,Singapore,SGP,702,Asia,142,South-eastern Asia,35,29211190,"Formamide,N.E.S.",Kgs,1.65,24.3,0.03,2021-03-01
2024-05-01,Maldives,MDV,462,Asia,142,Southern Asia,34,40119000,Other,Nos,2.0,0.02,0.0,2024-05-01
2017-10-01,Bangladesh,BGD,50,Asia,142,Southern Asia,34,85359090,Others,Nos,3.53,5.71,0.01,2017-10-01
2025-03-01,Philippines,PHL,608,Asia,142,South-eastern Asia,35,73079390,Non Galvanised,Kgs,164.0,0.0,0.0,2025-03-01
2018-05-01,Sri Lanka,LKA,144,Asia,142,Southern Asia,34,84182100,"Compression-Type Refrigerators,Household",Nos,0.96,88.77,0.13,2018-05-01
2017-10-01,Sri Lanka,LKA,144,Asia,142,Southern Asia,34,38119000,Other Prepared Additives Anti-Corrsive Prpns And Othr Prpd Additvs,Kgs,2.49,2.38,0.0,2017-10-01
2018-11-01,Nepal,NPL,524,Asia,142,Southern Asia,34,28352500,Calcium Hydrogenortho Phosphate (Dicalcium Phosphate,Kgs,0.5,0.44,0.0,2018-11-01
2024-10-01,Qatar,QAT,634,Asia,142,Western Asia,145,27079900,"Other Oil And Oil Prodcts Of Distilation Of High Temp. Coal Tar, Etc.",Kgs,104450.0,0.92,0.11,2024-10-01
2016-08-01,Bangladesh,BGD,50,Asia,142,Southern Asia,34,85013310,D.C.Motors,Nos,0.01,17.96,0.03,2016-08-01
2019-12-01,Saudi Arabia,SAU,682,Asia,142,Western Asia,145,84719000,Other,Nos,0.15,116.3,0.16,2019-12-01
2017-06-01,Myanmar,MMR,104,Asia,142,South-eastern Asia,35,85149000,Parts Of Artcls In Hdng 8514,Kgs,0.0,0.08,0.0,2017-06-01
2025-01-01,Republic of Korea,KOR,410,Asia,142,Eastern Asia,30,9041130,Black Pepper Garbled,Kgs,250.0,0.03,0.0,2025-01-01
2018-08-01,Japan,JPN,392,Asia,142,Eastern Asia,30,84069000,Parts Of Turbines,Kgs,84.21,871.02,1.25,2018-08-01
2021-10-01,Oman,OMN,512,Asia,142,Western Asia,145,85123010,Horns,Nos,1.5,4.36,0.01,2021-10-01
2018-05-01,Philippines,PHL,608,Asia,142,South-eastern Asia,35,32050000,Colr Lakes,Kgs,5.06,66.89,0.1,2018-05-01
2024-07-01,Thailand,THA,764,Asia,142,South-eastern Asia,35,11010000,Wheat Or Meslin Flour,Kgs,80700.0,0.48,0.06,2024-07-01
2024-11-01,Bhutan,BTN,64,Asia,142,Southern Asia,34,73121010,"Wire Ropes,Black",Kgs,2739.0,0.46,0.05,2024-11-01
2021-11-01,Nepal,NPL,524,Asia,142,Southern Asia,34,61081990,Slips And Petticoats Of Other Fibres,Nos,0.41,0.3,0.0,2021-11-01
2024-05-01,Kuwait,KWT,414,Asia,142,Western Asia,145,87169010,Parts And Accessories Of Trailers,Kgs,35.0,0.0,0.0,2024-05-01
2016-06-01,Kuwait,KWT,414,Asia,142,Western Asia,145,30049057,Other Antitubercular Drugs,Kgs,0.09,3.14,0.0,2016-06-01
2018-12-01,Philippines,PHL,608,Asia,142,South-eastern Asia,35,73144990,Others,Kgs,0.1,0.16,0.0,2018-12-01
2017-09-01,Nepal,NPL,524,Asia,142,Southern Asia,34,84212190,Others,Nos,1.9,62.08,0.1,2017-09-01
2016-09-01,Malaysia,MYS,458,Asia,142,South-eastern Asia,35,29399900,"*Other Veg Alkaloids Ntrl Or Rprdcd By Synthis, Thr Salts , Estrs Ethersand Othe Drvtvs",Kgs,0.53,37.7,0.06,2016-09-01
2018-04-01,Maldives,MDV,462,Asia,142,Southern Asia,34,70132800,Other,Kgs,0.15,0.42,0.0,2018-04-01
2021-03-01,Malaysia,MYS,458,Asia,142,South-eastern Asia,35,69120040,"Clay Articls As Tableware, Kitchenware Etc",Kgs,6.48,10.46,0.01,2021-03-01
2015-05-01,United Arab Emirates,ARE,784,Asia,142,Western Asia,145,44170000,"Tools,Tool Bodies,Tool Handles Broom Or Brush Bodies And Handles, Or Wood Boot Or Shoe Lasts And Trees,Of Wood",Kgs,0.75,1.11,0.0,2015-05-01
2025-02-01,Nepal,NPL,524,Asia,142,Southern Asia,34,21039040,"Mcxed, Condiments And Mixed Seasoning",Kgs,28913.0,0.86,0.1,2025-02-01
2017-10-01,Republic of Korea,KOR,410,Asia,142,Eastern Asia,30,39095000,Polyurethanes,Kgs,8.0,10.68,0.02,2017-10-01
2020-09-01,Israel,ISR,376,Asia,142,Western Asia,145,32030090,Other Colouring Matter Of Animal Origin,Kgs,0.23,134.61,0.18,2020-09-01
2021-09-01,Thailand,THA,764,Asia,142,South-eastern Asia,35,29212100,Ethylenediamine And Its Salts,Kgs,2.0,50.48,0.07,2021-09-01
2021-09-01,Islamic Republic of Iran,IRN,364,Asia,142,Southern Asia,34,84135090,Others,Nos,0.02,11.79,0.02,2021-09-01
2015-03-01,United Arab Emirates,ARE,784,Asia,142,Western Asia,145,4069000,Other Cheese,Kgs,39.76,106.44,0.17,2015-03-01
2020-07-01,Bahrain,BHR,48,Asia,142,Western Asia,145,84314390,"Prts Of Borng/Snkng Mchnry,Not Slf-Prpld",Kgs,0.11,3.57,0.0,2020-07-01
2018-04-01,Nepal,NPL,524,Asia,142,Southern Asia,34,68022390,Others,Kgs,137.54,25.04,0.04,2018-04-01
2019-06-01,Singapore,SGP,702,Asia,142,South-eastern Asia,35,71179090,Other Imitation Jewellery For Personal Adornment(Other Than Artware),Kgs,0.14,11.6,0.02,2019-06-01
2016-05-01,Nepal,NPL,524,Asia,142,Southern Asia,34,8051000,Oranges Fresh Or Dried,Kgs,131.84,30.27,0.05,2016-05-01
2025-01-01,Singapore,SGP,702,Asia,142,South-eastern Asia,35,29053100,Ethylene Glycol (Ethanediol),Kgs,230000.0,1.3,0.15,2025-01-01
2020-12-01,Yemen,YEM,887,Asia,142,Western Asia,145,73181600,Threaded Nuts,Kgs,0.0,0.03,0.0,2020-12-01
2020-09-01,China,CHN,156,Asia,142,Eastern Asia,30,29071210,Para Cresol (P-Cresols),Kgs,46.0,75.8,0.1,2020-09-01
2015-05-01,Singapore,SGP,702,Asia,142,South-eastern Asia,35,33011990,Others,Kgs,0.05,1.27,0.0,2015-05-01
2017-04-01,Philippines,PHL,608,Asia,142,South-eastern Asia,35,30045090,Others Put Up For Retail Sale,Kgs,1.01,30.26,0.05,2017-04-01
2025-03-01,Oman,OMN,512,Asia,142,Western Asia,145,17049020,Boiled Sweets W/N Filled,Kgs,1725.0,0.03,0.0,2025-03-01
2019-04-01,Thailand,THA,764,Asia,142,South-eastern Asia,35,21012010,Instant Tea,Kgs,17.55,88.06,0.13,2019-04-01
2015-10-01,Viet Nam,VNM,704,Asia,142,South-eastern Asia,35,30042012,"Cephalexin - Formulations Thereof, In Capsules Etc.",Kgs,8.89,120.17,0.18,2015-10-01
2017-03-01,Sri Lanka,LKA,144,Asia,142,Southern Asia,34,73072300,Butt Welding Fittings Of Stainless Steel,Kgs,12.73,60.32,0.09,2017-03-01
2021-12-01,Bhutan,BTN,64,Asia,142,Southern Asia,34,39264039,Other Statuettes,Kgs,0.06,0.7,0.0,2021-12-01
2020-04-01,Nepal,NPL,524,Asia,142,Southern Asia,34,15151990,Other Linseed Oil Other Than Edble Grade,Kgs,0.16,0.31,0.0,2020-04-01
2017-11-01,Bangladesh,BGD,50,Asia,142,Southern Asia,34,12099150,Radish Seeds Used For Sowing,Kgs,20.0,14.81,0.02,2017-11-01
2021-07-01,Thailand,THA,764,Asia,142,South-eastern Asia,35,32041571,Vat Brown 1(Brown Br),Kgs,0.1,2.67,0.0,2021-07-01
2021-11-01,Nepal,NPL,524,Asia,142,Southern Asia,34,34011190,Othr Soap And Orgnc Surface Active Productfor Tiolet Use (Incl Medicated Prdcts),Kgs,124.36,378.79,0.51,2021-11-01
2019-10-01,Indonesia,IDN,360,Asia,142,South-eastern Asia,35,29211190,"Formamide,N.E.S.",Kgs,10.0,9.91,0.01,2019-10-01
2017-08-01,Nepal,NPL,524,Asia,142,Southern Asia,34,84485900,Othr Prts And Accssrs Of Mchns Of Hdg 8447,Kgs,5.99,54.91,0.09,2017-08-01
2016-01-01,Singapore,SGP,702,Asia,142,South-eastern Asia,35,48203000,Binders Folders And File Covers,Kgs,0.03,1.1,0.0,2016-01-01
2019-11-01,Nepal,NPL,524,Asia,142,Southern Asia,34,84789000,Parts Of Tobaco Makng Machnry,Kgs,0.02,1.68,0.0,2019-11-01
2015-05-01,China,CHN,156,Asia,142,Eastern Asia,30,52054420,Bleached,Kgs,0.15,1.4,0.0,2015-05-01
2018-11-01,Malaysia,MYS,458,Asia,142,South-eastern Asia,35,30049099,Other Medcne Put Up For Retail Sale N.E.S,Kgs,12.1,641.93,0.89,2018-11-01
2021-07-01,Islamic Republic of Iran,IRN,364,Asia,142,Southern Asia,34,87149100,"Frames,Forks And Prts Thereof",Nos,0.01,0.05,0.0,2021-07-01
2015-08-01,Oman,OMN,512,Asia,142,Western Asia,145,73239420,Utensils,Kgs,4.31,22.6,0.03,2015-08-01
2018-01-01,Oman,OMN,512,Asia,142,Western Asia,145,90303310,"Ammeters, Volt Meters And Watt Meters",Nos,0.07,0.25,0.0,2018-01-01
2015-08-01,China,CHN,156,Asia,142,Eastern Asia,30,90219010,Parts And Accessories Of Hearing Aids,Kgs,,3.78,0.01,2015-08-01
2024-10-01,Bangladesh,BGD,50,Asia,142,Southern Asia,34,27079100,Creosote Oils,Kgs,40168.0,0.16,0.02,2024-10-01
2024-07-01,Republic of Korea,KOR,410,Asia,142,Eastern Asia,30,48209090,Others,Kgs,7.0,0.0,0.0,2024-07-01
2021-12-01,Saudi Arabia,SAU,682,Asia,142,Western Asia,145,57025031,Crpts Etc Of Cotton(Nt Durries),Sqm,2.57,15.65,0.02,2021-12-01
2019-01-01,Democratic People's Republic of Korea,PRK,408,Asia,142,Eastern Asia,30,56022100,"Felt,Not Impregnated,Coated,Covered/ Laminated,Of Wool/Fine Animal Hair",Kgs,0.0,0.03,0.0,2019-01-01
2019-03-01,Oman,OMN,512,Asia,142,Western Asia,145,28151200,Naoh In Aqs Soln (Soda Lye Or Lqd Soda),Kgs,0.48,0.53,0.0,2019-03-01
2019-03-01,Sri Lanka,LKA,144,Asia,142,Southern Asia,34,38059090,Other (Crude Dipentine Etc) Nes,Kgs,19.23,33.08,0.05,2019-03-01
2024-12-01,"Taiwan, Province of China",TWN,158,Asia,142,Eastern Asia,30,82074090,Othr Tools For Tapping And Threading,Kgs,86.0,0.06,0.01,2024-12-01
2021-07-01,Bangladesh,BGD,50,Asia,142,Southern Asia,34,5080030,Cowries,Kgs,1.95,1.16,0.0,2021-07-01
2015-01-01,Georgia,GEO,268,Asia,142,Western Asia,145,85167990,Others,Nos,0.04,1.26,0.0,2015-01-01
2019-10-01,Qatar,QAT,634,Asia,142,Western Asia,145,30042099,Othr Medicament Containing Othr Antibioticand Put Up For Retail Sale,Kgs,0.05,5.05,0.01,2019-10-01
2018-01-01,Bangladesh,BGD,50,Asia,142,Southern Asia,34,72083990,"Othr Flat-Rold Prdcts In Coils Of A Thckns< 3 Mm Hot-Rld,Excl.Pickl",Kgs,40.0,16.15,0.03,2018-01-01
2021-05-01,Thailand,THA,764,Asia,142,South-eastern Asia,35,72155090,Others,Kgs,63.15,54.35,0.07,2021-05-01
2018-05-01,Thailand,THA,764,Asia,142,South-eastern Asia,35,34021190,"*Others(E.G.Alkylsulphates,Technical Dodecylbenzene-Sulphonates,Etc)",Kgs,81.68,91.57,0.14,2018-05-01
2020-01-01,Qatar,QAT,634,Asia,142,Western Asia,145,8081000,Apples Frsh,Kgs,2.88,1.16,0.0,2020-01-01
2018-07-01,Nepal,NPL,524,Asia,142,Southern Asia,34,9022090,Other Green Tea(Not Fermented) Nes,Kgs,0.0,0.02,0.0,2018-07-01
2019-12-01,Republic of Korea,KOR,410,Asia,142,Eastern Asia,30,85015110,A.C. Squirrel Cage Induction Motors 3 Phase Type,Nos,0.02,3.76,0.01,2019-12-01
2018-06-01,Viet Nam,VNM,704,Asia,142,South-eastern Asia,35,82072000,Dies For Drawng Or Extrudng Metal,Kgs,0.01,4.53,0.01,2018-06-01
2024-04-01,Lebanon,LBN,422,Asia,142,Western Asia,145,34024900,Other,Kgs,1000.0,0.05,0.01,2024-04-01
2015-09-01,United Arab Emirates,ARE,784,Asia,142,Western Asia,145,62114910,Of Wool Or Fine Animal Hair Of Silk,Nos,0.0,0.06,0.0,2015-09-01
2020-05-01,Malaysia,MYS,458,Asia,142,South-eastern Asia,35,30049013,Medicaments Of Siddha System,Kgs,0.03,0.71,0.0,2020-05-01
2016-06-01,Nepal,NPL,524,Asia,142,Southern Asia,34,8011990,Othr Coconuts Excldng Fresh And Dried And Desiccated And Endocarp,Kgs,3.35,1.06,0.0,2016-06-01
2018-07-01,Iraq,IRQ,368,Asia,142,Western Asia,145,29420090,"Other Diloxanide Furoate, Cimetidine, Famotidine Nes",Kgs,0.42,54.45,0.08,2018-07-01
2015-04-01,Pakistan,PAK,586,Asia,142,Southern Asia,34,12119049,Other Roots And Rhizomes Frsh/Drd W/N Cut Crshd/Pwdrd,Kgs,1.2,2.97,0.0,2015-04-01
2018-03-01,Bangladesh,BGD,50,Asia,142,Southern Asia,34,84463090,Others,Nos,0.0,37.59,0.06,2018-03-01
2024-05-01,Republic of Korea,KOR,410,Asia,142,Eastern Asia,30,61046990,"Trousers,Bib And Brace Etc Of Other Fibres",Nos,221.0,0.01,0.0,2024-05-01
2015-01-01,Turkiye,TUR,792,Asia,142,Western Asia,145,85045090,Others,Nos,0.01,1.26,0.0,2015-01-01
2017-06-01,Israel,ISR,376,Asia,142,Western Asia,145,61046990,"Trousers,Bib And Brace Etc Of Other Fibres",Nos,99.32,118.77,0.18,2017-06-01
2021-01-01,Japan,JPN,392,Asia,142,Eastern Asia,30,44209090,Others,Kgs,0.06,0.37,0.0,2021-01-01
2017-11-01,Oman,OMN,512,Asia,142,Western Asia,145,39239090,Othr Artcls For Cnvynce/Pckng Of Goods Nes,Kgs,55.47,59.56,0.09,2017-11-01
2020-11-01,Nepal,NPL,524,Asia,142,Southern Asia,34,29173910,Dibutyl Phthalate,Kgs,10.12,9.18,0.01,2020-11-01
2018-06-01,"Taiwan, Province of China",TWN,158,Asia,142,Eastern Asia,30,49011020,Pamphlets Booklets Brochures Leaflets,Nos,70.18,1.18,0.0,2018-06-01
2019-07-01,Lebanon,LBN,422,Asia,142,Western Asia,145,21069060,Food Flavouring Material,Kgs,0.05,0.77,0.0,2019-07-01
2018-07-01,Viet Nam,VNM,704,Asia,142,South-eastern Asia,35,30049085,Veterinary Medicinal Preparations N.E.S.,Kgs,0.7,24.26,0.04,2018-07-01
2018-04-01,Saudi Arabia,SAU,682,Asia,142,Western Asia,145,8062010,Raisins,Kgs,784.0,1148.18,1.75,2018-04-01
2021-02-01,Yemen,YEM,887,Asia,142,Western Asia,145,84099114,Piston Assembles,Kgs,0.3,4.39,0.01,2021-02-01
2018-04-01,Kuwait,KWT,414,Asia,142,Western Asia,145,33012945,Cumin Oil,Kgs,0.03,0.7,0.0,2018-04-01
2018-09-01,Maldives,MDV,462,Asia,142,Southern Asia,34,39201092,"Othr Plts,Sheet Etc Of Polymrs Of Ethyleneflexible, Plain",Kgs,0.02,0.04,0.0,2018-09-01
2025-01-01,Bhutan,BTN,64,Asia,142,Southern Asia,34,62032300,Ensembles Of Synthetic Fibres,Nos,21.0,0.0,0.0,2025-01-01
2015-12-01,Turkiye,TUR,792,Asia,142,Western Asia,145,25010090,Other Salts,Kgs,2.0,0.83,0.0,2015-12-01
2016-05-01,Viet Nam,VNM,704,Asia,142,South-eastern Asia,35,12119022,Senna Leaves And Pads,Kgs,671.0,169.71,0.25,2016-05-01
2020-07-01,Japan,JPN,392,Asia,142,Eastern Asia,30,82055920,Metal Working Hnd Tools,Kgs,8.24,10.53,0.01,2020-07-01
2018-07-01,Syrian Arab Republic,SYR,760,Asia,142,Western Asia,145,84799040,"Parts 0F Plants And Machinery For Chemicals,Pharmaceuticals Etc",Kgs,1.12,56.23,0.08,2018-07-01
2016-08-01,United Arab Emirates,ARE,784,Asia,142,Western Asia,145,62044310,House Coats And Like Dresses Of Synth Fibres,Nos,87.95,441.16,0.66,2016-08-01
2016-07-01,Malaysia,MYS,458,Asia,142,South-eastern Asia,35,25301090,"Other Vermiculite,Perlite And Calorits Unexpanded (Includng Powder)",Kgs,442.0,23.71,0.04,2016-07-01
2021-02-01,Turkiye,TUR,792,Asia,142,Western Asia,145,73043119,Other Made Upto 114.3 Mm Outer Diameter,Kgs,41.9,32.51,0.04,2021-02-01
2020-12-01,Israel,ISR,376,Asia,142,Western Asia,145,85446090,Othr Elctrc Cndctrs Fr A Vltg Excdg 1000 V Excl Papr Plsctic And Rubber Insulated,Mtr,0.03,0.05,0.0,2020-12-01
2017-10-01,Thailand,THA,764,Asia,142,South-eastern Asia,35,29121990,Other Acyclic Aldehyds Without Other Oxygn Function,Kgs,2.07,8.13,0.01,2017-10-01
2017-11-01,Turkiye,TUR,792,Asia,142,Western Asia,145,62064000,"Blouses,Shirts Etc Of Man-Made Fibres",Nos,15.73,46.78,0.07,2017-11-01
2019-07-01,Turkiye,TUR,792,Asia,142,Western Asia,145,72221992,Others Nickel Chromium Austenitic Type,Kgs,129.02,209.57,0.3,2019-07-01
2016-08-01,Iraq,IRQ,368,Asia,142,Western Asia,145,12099190,Vegetable Seeds For Planting N.E.S.,Kgs,0.4,0.48,0.0,2016-08-01
2020-05-01,Viet Nam,VNM,704,Asia,142,South-eastern Asia,35,29359090,Other,Kgs,156.61,136.37,0.18,2020-05-01
2024-08-01,Bangladesh,BGD,50,Asia,142,Southern Asia,34,28112200,Silicon Dioxide,Kgs,76695.0,1.03,0.12,2024-08-01
2015-01-01,Bahrain,BHR,48,Asia,142,Western Asia,145,96082000,Felt-Tppd And Othr Porous-Tipd Pens And Mrkrs,Nos,5.84,2.66,0.0,2015-01-01
2020-07-01,Saudi Arabia,SAU,682,Asia,142,Western Asia,145,62034300,"Trousers,Bib And Brace,Overalls,Breeches And Shorts Of Synthetic Fibrs,Mens Or Boys",Nos,24.93,203.74,0.27,2020-07-01
2016-07-01,Nepal,NPL,524,Asia,142,Southern Asia,34,84142020,Other Hand Air Pumps,Nos,0.31,2.2,0.0,2016-07-01
2020-03-01,Viet Nam,VNM,704,Asia,142,South-eastern Asia,35,90213900,Others,Nos,0.52,0.43,0.0,2020-03-01
2017-03-01,Nepal,NPL,524,Asia,142,Southern Asia,34,53050040,C0Ir Pith,Kgs,5.02,0.3,0.0,2017-03-01
2025-03-01,Armenia,ARM,51,Asia,142,Western Asia,145,74153390,Other Screws; Bolts And Nuts :Threaded,Kgs,255.0,0.06,0.01,2025-03-01
2019-11-01,Oman,OMN,512,Asia,142,Western Asia,145,71141110,Manufactures Of Silver,Kgs,0.01,6.62,0.01,2019-11-01
2016-03-01,Republic of Korea,KOR,410,Asia,142,Eastern Asia,30,24012040,"Burley Tobaco, Partly/Wholly Stmd/Stripped",Kgs,792.0,1288.43,1.92,2016-03-01
2024-05-01,Iraq,IRQ,368,Asia,142,Western Asia,145,39172390,Othr Tube Pipeand Hoses Of Polyvinyl Chlorde,Kgs,227296.0,2.54,0.31,2024-05-01
2018-11-01,Malaysia,MYS,458,Asia,142,South-eastern Asia,35,29157090,"Other Palmitic Acid, Stearic Acid And Their Salts And Estrs",Kgs,22.0,26.7,0.04,2018-11-01
2017-10-01,Philippines,PHL,608,Asia,142,South-eastern Asia,35,84879000,Othr Mcanry Parts Of Heading 8485,Kgs,0.01,0.11,0.0,2017-10-01
2018-12-01,Kazakhstan,KAZ,398,Asia,142,Central Asia,143,62142090,"Othr Itms Of Wool Othr Thn Shwls,Scrvs And Mufflers",Nos,0.0,0.08,0.0,2018-12-01
2020-12-01,China,CHN,156,Asia,142,Eastern Asia,30,29225021,Frusemide,Kgs,1.43,48.55,0.07,2020-12-01
2025-02-01,Malaysia,MYS,458,Asia,142,South-eastern Asia,35,61052020,Mens/Boys Shirts Of Artificial Fibres,Nos,668.0,0.01,0.0,2025-02-01
2018-06-01,Azerbaijan,AZE,31,Asia,142,Western Asia,145,32089090,Othr Paint Varnsh(Incl Enml And Lacqr) Bsd On Syntic Plymr/Chmly Mdfd Natrl Plymr Nes,Kgs,0.2,0.74,0.0,2018-06-01
2015-08-01,Malaysia,MYS,458,Asia,142,South-eastern Asia,35,84254200,"Other Jacks And Hoists,Hydraulic",Nos,0.11,55.96,0.09,2015-08-01
2024-12-01,Bhutan,BTN,64,Asia,142,Southern Asia,34,21041010,Dried Soupsl Brots And Preparaqions Therefor,Kgs,1657.0,0.18,0.02,2024-12-01
2018-07-01,Indonesia,IDN,360,Asia,142,South-eastern Asia,35,84189900,Other Parts Of Hdg 8418,Kgs,0.01,0.06,0.0,2018-07-01
2025-01-01,Lebanon,LBN,422,Asia,142,Western Asia,145,17011410,Cane Jaggery,Kgs,100.0,0.0,0.0,2025-01-01
2024-12-01,Maldives,MDV,462,Asia,142,Southern Asia,34,15131900,Coconut (Copra) Refined Oil And Fractions,Kgs,201.0,0.0,0.0,2024-12-01
2020-10-01,Israel,ISR,376,Asia,142,Western Asia,145,84099191,Other Cmponent Parts Of Petrol Engines For Motor Vehicles,Kgs,0.0,0.04,0.0,2020-10-01
2018-04-01,United Arab Emirates,ARE,784,Asia,142,Western Asia,145,84733020,Prts And Accssrs Of Motherboards,Nos,5.45,102.63,0.16,2018-04-01
2015-01-01,Turkiye,TUR,792,Asia,142,Western Asia,145,84186990,Others,Kgs,21.5,131.96,0.21,2015-01-01
2016-01-01,Thailand,THA,764,Asia,142,South-eastern Asia,35,39234000,Spls Cops Bobbins And Smlr Spprts Of Plstcs,Kgs,2.25,16.36,0.02,2016-01-01
2017-01-01,Jordan,JOR,400,Asia,142,Western Asia,145,85369090,Other,Nos,0.02,5.43,0.01,2017-01-01
2024-11-01,Bhutan,BTN,64,Asia,142,Southern Asia,34,82024000,Chain Saw Blades,Kgs,395.0,0.09,0.01,2024-11-01
2020-08-01,Nepal,NPL,524,Asia,142,Southern Asia,34,29161940,Sodium Cmpnds Of Unsatrtd Acylc Monoacds,Kgs,1.8,0.81,0.0,2020-08-01
2015-05-01,Singapore,SGP,702,Asia,142,South-eastern Asia,35,29110010,Acetals And Hemiacetals W/N With Other Oxygen Fn.,Kgs,0.03,0.63,0.0,2015-05-01
2018-12-01,Republic of Korea,KOR,410,Asia,142,Eastern Asia,30,84249000,Parts Of Mechanical Appliances,Kgs,0.07,9.49,0.01,2018-12-01
2016-06-01,Oman,OMN,512,Asia,142,Western Asia,145,78019990,Other Unrefined Lead And Lead Alloys N.E.S,Kgs,144.0,179.93,0.27,2016-06-01
2015-02-01,Nepal,NPL,524,Asia,142,Southern Asia,34,55095100,Othr Yarn Of Polystr Stpl Fibrs Mixed Mainly/Solely With Artificial Staple Fibrs,Kgs,13.17,27.73,0.04,2015-02-01
2016-10-01,Saudi Arabia,SAU,682,Asia,142,Western Asia,145,39171010,"Tube,Pipeandhosesandfttngs Of Hardened Protein",Kgs,6.8,10.5,0.02,2016-10-01
2021-09-01,Nepal,NPL,524,Asia,142,Southern Asia,34,39221000,Baths Shower-Baths And Wash-Basins,Kgs,16.85,82.98,0.11,2021-09-01
2021-07-01,Afghanistan,AFG,4,Asia,142,Southern Asia,34,61032200,Ensembles Of Cotton,Nos,0.18,1.22,0.0,2021-07-01
2018-09-01,Yemen,YEM,887,Asia,142,Western Asia,145,70200090,Other Articles Of Glss Nes,Kgs,0.1,0.34,0.0,2018-09-01
2016-11-01,Sri Lanka,LKA,144,Asia,142,Southern Asia,34,39100090,Others,Kgs,55.55,112.68,0.17,2016-11-01
2020-01-01,United Arab Emirates,ARE,784,Asia,142,Western Asia,145,59080090,Others,Kgs,0.65,3.35,0.0,2020-01-01
2021-09-01,Sri Lanka,LKA,144,Asia,142,Southern Asia,34,68132010,Brake Lining And Pads,Kgs,4.95,10.46,0.01,2021-09-01
2021-04-01,Saudi Arabia,SAU,682,Asia,142,Western Asia,145,87042290,"*Other Goods Vhcls,Wth Cmprsn Igntn Intrnl Cmbstn Pstn Engn Wth G.V.W.>5 Tons Bt <=20 Tons: Other Ve",Nos,0.02,195.37,0.26,2021-04-01
2019-06-01,Qatar,QAT,634,Asia,142,Western Asia,145,48101990,Other,Kgs,11.27,19.16,0.03,2019-06-01
2017-08-01,Japan,JPN,392,Asia,142,Eastern Asia,30,57033010,"*Carpts,Carpeting And Rugs",Sqm,0.29,7.41,0.01,2017-08-01
2020-08-01,Turkiye,TUR,792,Asia,142,Western Asia,145,85115000,Other Stater-Generators,Nos,2.15,84.27,0.11,2020-08-01
2024-04-01,Sri Lanka,LKA,144,Asia,142,Southern Asia,34,49019900,Othr Printd Books Etc Of Hd No. 4901,Nos,3775.0,0.02,0.0,2024-04-01
2019-05-01,Indonesia,IDN,360,Asia,142,South-eastern Asia,35,84195020,Plate Type Heat Excange Unit,Nos,0.01,20.36,0.03,2019-05-01
2020-12-01,Oman,OMN,512,Asia,142,Western Asia,145,39269079,"Other Plastic Or Nylon Tipped Hammers; Insulating Liner Of Nylon, Hdpe",Kgs,0.03,0.64,0.0,2020-12-01
2019-08-01,Oman,OMN,512,Asia,142,Western Asia,145,96190040,Clinical Diapers,Kgs,2.65,10.62,0.01,2019-08-01
2020-06-01,Bangladesh,BGD,50,Asia,142,Southern Asia,34,90069900,Other Parts And Accessories Of Hdg 9006,Kgs,0.49,0.75,0.0,2020-06-01
2017-07-01,Kuwait,KWT,414,Asia,142,Western Asia,145,84842000,Mechanical Seals,Kgs,0.06,15.25,0.02,2017-07-01
2017-05-01,Malaysia,MYS,458,Asia,142,South-eastern Asia,35,69039030,Ceramic Fibres,Ton,0.0,6.47,0.01,2017-05-01
2021-11-01,China,CHN,156,Asia,142,Eastern Asia,30,63049999,Other Furnishing Articles Nec,Nos,4.11,10.61,0.01,2021-11-01
2019-01-01,Nepal,NPL,524,Asia,142,Southern Asia,34,69072200,Of A Water Absorption Coefficient By Weight Exceeding 0.5% But Not Exceeding 10%,Sqm,444.81,954.3,1.35,2019-01-01
2019-05-01,"Taiwan, Province of China",TWN,158,Asia,142,Eastern Asia,30,84089010,Stationary Engines Of Cylndr Cpcty>50 Cc,Nos,0.0,129.47,0.19,2019-05-01
2015-11-01,United Arab Emirates,ARE,784,Asia,142,Western Asia,145,34013019,Othr Organic Surface-Active Prod(Toilet),Kgs,1.0,2.13,0.0,2015-11-01
2019-10-01,Oman,OMN,512,Asia,142,Western Asia,145,54071039,Othr Dyed Polyester Fabrcs,Sqm,24.9,43.16,0.06,2019-10-01
2025-02-01,Qatar,QAT,634,Asia,142,Western Asia,145,39202090,Pltes Shts Of Polymrs Of Propyln Nes,Kgs,20437.0,0.18,0.02,2025-02-01
2020-09-01,Indonesia,IDN,360,Asia,142,South-eastern Asia,35,28351010,Calcium Hypophosphite,Kgs,4.75,26.94,0.04,2020-09-01
2021-10-01,Singapore,SGP,702,Asia,142,South-eastern Asia,35,15121910,Sunflower Oil Edible Grade,Kgs,73.23,101.8,0.14,2021-10-01
2016-11-01,Sri Lanka,LKA,144,Asia,142,Southern Asia,34,85169000,Parts Of Artcls In Hdng 8516,Kgs,0.07,0.26,0.0,2016-11-01
2018-06-01,China,CHN,156,Asia,142,Eastern Asia,30,49111020,Trde Advrtsg Materls Comrcl Catalge And Like,Kgs,0.12,1.0,0.0,2018-06-01
2021-08-01,Thailand,THA,764,Asia,142,South-eastern Asia,35,85011019,Other Motor Wth Output <=37.5 W,Nos,2.79,74.92,0.1,2021-08-01
2019-05-01,Nepal,NPL,524,Asia,142,Southern Asia,34,28333020,Ferric Ammonium Alum,Kgs,30.0,2.52,0.0,2019-05-01
2016-08-01,Malaysia,MYS,458,Asia,142,South-eastern Asia,35,62179090,Others And Trimmings Of Other Textile Fibres,Kgs,1.12,4.91,0.01,2016-08-01
2016-04-01,Japan,JPN,392,Asia,142,Eastern Asia,30,29269000,Othr Nitrile-Function Compounds,Kgs,0.58,5.93,0.01,2016-04-01
2016-07-01,Oman,OMN,512,Asia,142,Western Asia,145,84759000,Parts Of Hdg 8475,Kgs,2.0,16.8,0.02,2016-07-01
2017-11-01,China,CHN,156,Asia,142,Eastern Asia,30,85354030,Surge Suppressors,Nos,0.04,2.33,0.0,2017-11-01
2024-06-01,Malaysia,MYS,458,Asia,142,South-eastern Asia,35,34024200,"Non-Ionic (Other Organic Surface Active Agents, W/N Put Up For Retail Sale)",Kgs,64165.0,1.14,0.14,2024-06-01
2020-09-01,Nepal,NPL,524,Asia,142,Southern Asia,34,39232100,Sacks And Bags Of Polyethylene (Incl Cones),Kgs,12.71,22.57,0.03,2020-09-01
2024-08-01,Nepal,NPL,524,Asia,142,Southern Asia,34,69059000,"Chmny Pots And Lnrs,Cowls,Othr Cnstrctnl Gds",Ton,12.0,0.07,0.01,2024-08-01
2021-03-01,Kuwait,KWT,414,Asia,142,Western Asia,145,84733030,Prts And Accssrs Othr Mntd Prntd Crcit Brds,Nos,0.25,5.28,0.01,2021-03-01
2019-05-01,Saudi Arabia,SAU,682,Asia,142,Western Asia,145,87149910,Bicycle Chain,Kgs,7.52,9.3,0.01,2019-05-01
2018-01-01,Kuwait,KWT,414,Asia,142,Western Asia,145,54078300,Other Wovn Fbrcs Cont <85% Of Synthtc Filmnt Mixd Wth Cotn Yrn Of Diff Colours,Sqm,2.34,4.74,0.01,2018-01-01
2017-02-01,Kuwait,KWT,414,Asia,142,Western Asia,145,82053000,"Planes,Chisels,Gauges And Smlr Cutting Toolsfor Working Wood",Kgs,0.1,0.67,0.0,2017-02-01
2018-09-01,Pakistan,PAK,586,Asia,142,Southern Asia,34,32041216,Acid Greens(Azo),Kgs,1.05,3.69,0.01,2018-09-01
2018-11-01,Nepal,NPL,524,Asia,142,Southern Asia,34,85044040,Non Automatic Voltage Regltor And Stabilzr,Nos,0.8,24.03,0.03,2018-11-01
2017-05-01,Bangladesh,BGD,50,Asia,142,Southern Asia,34,28333090,Other Alums,Kgs,90.0,7.5,0.01,2017-05-01
2021-06-01,Bangladesh,BGD,50,Asia,142,Southern Asia,34,29213090,"Other Cyclanic Cycenic/Cyclotrpnc Mono Or Polyamins And Thr Drvtvs, Salts",Kgs,1.0,4.26,0.01,2021-06-01
2015-05-01,Nepal,NPL,524,Asia,142,Southern Asia,34,85152110,Automatic Spot Welding Machinery,Nos,0.01,0.28,0.0,2015-05-01
2025-01-01,Pakistan,PAK,586,Asia,142,Southern Asia,34,32041349,Other Basic Violet (Non-Azo),Kgs,50.0,0.02,0.0,2025-01-01
2020-12-01,Bhutan,BTN,64,Asia,142,Southern Asia,34,18069090,Other Food Preparations Containing Cocoa,Kgs,0.4,1.27,0.0,2020-12-01
2024-10-01,United Arab Emirates,ARE,784,Asia,142,Western Asia,145,9023020,Black Tea In Packt>25 Gm But<=1 Kg,Kgs,119691.0,4.49,0.53,2024-10-01
2020-05-01,Oman,OMN,512,Asia,142,Western Asia,145,39199010,"Plastic Stickers, Whether Or Not Printed, Embossed, Or Impregnated",Kgs,0.03,1.36,0.0,2020-05-01
2018-02-01,Nepal,NPL,524,Asia,142,Southern Asia,34,9109919,Other Spices N.E.S,Kgs,2.1,3.01,0.0,2018-02-01
2016-07-01,Indonesia,IDN,360,Asia,142,South-eastern Asia,35,94029020,Parts,Nos,0.01,0.1,0.0,2016-07-01
2021-08-01,Nepal,NPL,524,Asia,142,Southern Asia,34,39201092,"Othr Plts,Sheet Etc Of Polymrs Of Ethyleneflexible, Plain",Kgs,109.91,186.16,0.25,2021-08-01
2017-09-01,Saudi Arabia,SAU,682,Asia,142,Western Asia,145,34049090,Other Artfcl Waxes And Prepd Waxes Nes.,Kgs,1.0,0.66,0.0,2017-09-01
2019-02-01,Bhutan,BTN,64,Asia,142,Southern Asia,34,68052040,Other Abrasive Paper,Kgs,0.01,0.04,0.0,2019-02-01
2016-04-01,United Arab Emirates,ARE,784,Asia,142,Western Asia,145,84149011,Parts Of Gas Compressors Of A Kind Used Inrefrigerating And Air Conditioning,Kgs,5.9,22.54,0.03,2016-04-01
2018-10-01,China,CHN,156,Asia,142,Eastern Asia,30,20059900,Other Veg And Mixtre Of Vegetbles,Kgs,0.1,0.14,0.0,2018-10-01
2024-07-01,Hong Kong,HKG,344,Asia,142,Eastern Asia,30,20081940,Other Roasted And Fried Vegetable Products,Kgs,702.0,0.01,0.0,2024-07-01
2021-04-01,Bangladesh,BGD,50,Asia,142,Southern Asia,34,32041561,Vat Green 1(Indanthrene Brill Green Bffb),Kgs,6.96,150.45,0.2,2021-04-01
2016-03-01,Nepal,NPL,524,Asia,142,Southern Asia,34,84161000,Furnace Burners For Liquid Fuel,Kgs,0.04,0.36,0.0,2016-03-01
2019-05-01,Maldives,MDV,462,Asia,142,Southern Asia,34,11029090,Other Flour Of Hdg. 1102,Kgs,3.68,3.8,0.01,2019-05-01
2017-12-01,Indonesia,IDN,360,Asia,142,South-eastern Asia,35,51121930,Dyed Wovn Fbrcs Contng>=85% By Wt Of Comb Wool/Fine Anml Of Wt Excdng 200 G/M2,Sqm,37.77,224.44,0.35,2017-12-01
2024-11-01,Saudi Arabia,SAU,682,Asia,142,Western Asia,145,15180039,Othr Veg Oil And Its Fats Excldedble Grade,Kgs,26680.0,0.65,0.08,2024-11-01
2015-08-01,Oman,OMN,512,Asia,142,Western Asia,145,84212190,Others,Nos,0.09,68.14,0.1,2015-08-01
2024-04-01,Qatar,QAT,634,Asia,142,Western Asia,145,84099113,Piston Rings,Kgs,5.0,0.0,0.0,2024-04-01
2020-04-01,Bangladesh,BGD,50,Asia,142,Southern Asia,34,29221990,Other,Kgs,1.0,61.96,0.08,2020-04-01
2024-10-01,Qatar,QAT,634,Asia,142,Western Asia,145,71011020,Natural(Real)Perls Wrkd,Kgs,1.0,0.21,0.02,2024-10-01
2020-06-01,Viet Nam,VNM,704,Asia,142,South-eastern Asia,35,74153390,Other Screws; Bolts And Nuts :Threaded,Kgs,3.82,30.26,0.04,2020-06-01
2015-03-01,Israel,ISR,376,Asia,142,Western Asia,145,52094390,Others,Sqm,1.04,2.05,0.0,2015-03-01
2019-10-01,Hong Kong,HKG,344,Asia,142,Eastern Asia,30,62044310,House Coats And Like Dresses Of Synth Fibres,Nos,0.05,0.51,0.0,2019-10-01
2020-08-01,Japan,JPN,392,Asia,142,Eastern Asia,30,9083110,Large ( Amomum),Kgs,0.26,2.4,0.0,2020-08-01
2016-02-01,Nepal,NPL,524,Asia,142,Southern Asia,34,85182100,"Single Loudspekers,Mountd In Thr Enclsrs",Nos,0.15,0.44,0.0,2016-02-01
2018-04-01,Indonesia,IDN,360,Asia,142,South-eastern Asia,35,29322090,Other Lactones,Kgs,0.05,19.18,0.03,2018-04-01
2015-10-01,Sri Lanka,LKA,144,Asia,142,Southern Asia,34,61083100,Nightdresses And Pyjamas Of Cotton,Nos,23.36,69.82,0.11,2015-10-01
2016-08-01,Philippines,PHL,608,Asia,142,South-eastern Asia,35,30042095,Clindamycin,Kgs,1.11,56.12,0.08,2016-08-01
2025-02-01,Jordan,JOR,400,Asia,142,Western Asia,145,38231200,Oleic Acid,Kgs,288000.0,1.18,0.14,2025-02-01
2025-01-01,Nepal,NPL,524,Asia,142,Southern Asia,34,27131210,Calcined Petroleum Coke For Anode Making In Aluminium Industry Conforming To Standard Is 17049,Kgs,2000.0,0.01,0.0,2025-01-01
2017-02-01,Viet Nam,VNM,704,Asia,142,South-eastern Asia,35,62171010,Accessories For Artcls Of Apparel Of Cotn,Kgs,1.05,26.06,0.04,2017-02-01
2016-08-01,Philippines,PHL,608,Asia,142,South-eastern Asia,35,20079990,Jams Jellies Mrmlds Etc Of Other Fruits,Kgs,0.2,0.22,0.0,2016-08-01
2025-02-01,Maldives,MDV,462,Asia,142,Southern Asia,34,12099910,Fruit Seeds For Planting Or Sowings,Kgs,63.0,0.0,0.0,2025-02-01
2024-11-01,Israel,ISR,376,Asia,142,Western Asia,145,84703000,Othr Calculating Machines,Nos,1.0,0.0,0.0,2024-11-01
2016-06-01,Turkiye,TUR,792,Asia,142,Western Asia,145,29212990,"Other Acylc Plyamins Thr Drvtvs, Salts Thereof",Kgs,15.46,24.56,0.04,2016-06-01
2015-03-01,China,CHN,156,Asia,142,Eastern Asia,30,9109919,Other Spices N.E.S,Kgs,0.06,0.13,0.0,2015-03-01
2021-09-01,"Taiwan, Province of China",TWN,158,Asia,142,Eastern Asia,30,30049049,Other Anticancer Drugs,Kgs,0.05,49.02,0.07,2021-09-01
2018-09-01,Iraq,IRQ,368,Asia,142,Western Asia,145,8039010,"Bananas, Fresh",Kgs,145.53,48.35,0.07,2018-09-01
2018-09-01,Malaysia,MYS,458,Asia,142,South-eastern Asia,35,98010030,Spare Prts And Raw Materials For Maintenance,Kgs,9.1,58.11,0.08,2018-09-01
2024-10-01,Turkiye,TUR,792,Asia,142,Western Asia,145,34039900,Other Lubrictng Preparations,Kgs,14801.0,0.32,0.04,2024-10-01
2018-02-01,Myanmar,MMR,104,Asia,142,South-eastern Asia,35,23064900,Other Residues Of Rape Or Colza Seeds,Kgs,717.0,111.92,0.17,2018-02-01
2018-05-01,Sri Lanka,LKA,144,Asia,142,Southern Asia,34,58042910,Mechanically Made Lace Of Cotton,Kgs,0.17,1.41,0.0,2018-05-01
2015-02-01,Japan,JPN,392,Asia,142,Eastern Asia,30,84433250,Ink Jet Printer,Nos,0.02,131.87,0.21,2015-02-01
2021-07-01,Iraq,IRQ,368,Asia,142,Western Asia,145,71179090,Other Imitation Jewellery For Personal Adornment(Other Than Artware),Kgs,7.76,56.23,0.08,2021-07-01
2015-01-01,Japan,JPN,392,Asia,142,Eastern Asia,30,46019900,Othr Plaiting Materials (Excl Veg Materls),Kgs,0.1,0.95,0.0,2015-01-01
2015-09-01,Viet Nam,VNM,704,Asia,142,South-eastern Asia,35,54026100,"Othr Yarn Of Nylon Or Other Polymds, Multiple(Folded)Or Cabled",Kgs,1.2,1.0,0.0,2015-09-01
2017-05-01,United Arab Emirates,ARE,784,Asia,142,Western Asia,145,73041190,Other,Kgs,0.63,1.44,0.0,2017-05-01
2021-09-01,Republic of Korea,KOR,410,Asia,142,Eastern Asia,30,33011300,Essential Oils Of Lemon,Kgs,0.03,0.27,0.0,2021-09-01
2019-01-01,Saudi Arabia,SAU,682,Asia,142,Western Asia,145,73072100,Flanges Of Stainless Steel,Kgs,54.5,263.33,0.37,2019-01-01
2015-06-01,Japan,JPN,392,Asia,142,Eastern Asia,30,61044200,Dresses Of Cotton,Nos,21.39,77.96,0.12,2015-06-01
2018-11-01,United Arab Emirates,ARE,784,Asia,142,Western Asia,145,74071020,"Copper Rods Othr Than Electrolytic,Wrought",Kgs,35.41,171.93,0.24,2018-11-01
2017-05-01,Indonesia,IDN,360,Asia,142,South-eastern Asia,35,74061000,Copper Powders Of Non-Lamellar Structure,Kgs,10.0,56.5,0.09,2017-05-01
2019-01-01,Malaysia,MYS,458,Asia,142,South-eastern Asia,35,30059040,Bandages Without Adhesive Layer,Kgs,3.0,6.26,0.01,2019-01-01
2018-12-01,Bahrain,BHR,48,Asia,142,Western Asia,145,62046200,"*Trousers,Bib And Brace Overalls, Breeches And Shorts Of Cotton",Nos,0.58,2.25,0.0,2018-12-01
2024-10-01,Bhutan,BTN,64,Asia,142,Southern Asia,34,72106900,Flt-Rold Prdcts Of Iron/Non Aloy Stl Pltd Or Cotd Wth Other Aloys Of Aluminium Excl (Excl Zinc Alloy),Kgs,8884.0,0.05,0.01,2024-10-01
2018-09-01,Singapore,SGP,702,Asia,142,South-eastern Asia,35,18063200,Othr Food Prpn In Blcks Slbs/Bars Nt Fild,Kgs,1.5,13.46,0.02,2018-09-01
2016-12-01,Viet Nam,VNM,704,Asia,142,South-eastern Asia,35,29299010,"N,N-Diethylphosphoramidic Dichloride",Kgs,0.0,0.03,0.0,2016-12-01
2016-03-01,Indonesia,IDN,360,Asia,142,South-eastern Asia,35,29232010,Lecithins,Kgs,25.0,27.52,0.04,2016-03-01
2019-05-01,Bangladesh,BGD,50,Asia,142,Southern Asia,34,32041983,Food Colouring Reds 5 To 8 (Poncean),Kgs,0.05,0.3,0.0,2019-05-01
2015-06-01,United Arab Emirates,ARE,784,Asia,142,Western Asia,145,83024190,Othr Mountings Fittings And Smlr Artcls Suitable For Buildings N.E.S.,Kgs,13.05,30.01,0.05,2015-06-01
2016-01-01,Hong Kong,HKG,344,Asia,142,Eastern Asia,30,68029900,Other Stone,Kgs,1.37,5.67,0.01,2016-01-01
2016-06-01,Singapore,SGP,702,Asia,142,South-eastern Asia,35,49011020,Pamphlets Booklets Brochures Leaflets,Nos,0.19,1.26,0.0,2016-06-01
2018-11-01,Malaysia,MYS,458,Asia,142,South-eastern Asia,35,57032010,"*Carpets,Carpeting And Rugs",Sqm,0.01,0.19,0.0,2018-11-01
2024-08-01,Nepal,NPL,524,Asia,142,Southern Asia,34,84743110,Concrete Mixers,Nos,63.0,2.39,0.28,2024-08-01
2017-07-01,Malaysia,MYS,458,Asia,142,South-eastern Asia,35,52081260,Voils,Sqm,4.96,1.69,0.0,2017-07-01
2024-09-01,China,CHN,156,Asia,142,Eastern Asia,30,39231030,Boxs Cases Crates And Smlr Artcls Of Plstcs Insulated Ware,Kgs,11034.0,0.6,0.07,2024-09-01
2018-08-01,Philippines,PHL,608,Asia,142,South-eastern Asia,35,63021010,"Bed Linen,Knted/Crchtd Of Cotton",Kgs,3.5,27.32,0.04,2018-08-01
2019-11-01,Bhutan,BTN,64,Asia,142,Southern Asia,34,10063010,Rice Parboiled,Kgs,1331.6,328.83,0.46,2019-11-01
2020-11-01,Maldives,MDV,462,Asia,142,Southern Asia,34,9042211,Chilly Powder,Kgs,4.19,7.2,0.01,2020-11-01
2017-09-01,Republic of Korea,KOR,410,Asia,142,Eastern Asia,30,85044029,Other Rectifiers,Nos,0.71,124.22,0.19,2017-09-01
2024-06-01,Nepal,NPL,524,Asia,142,Southern Asia,34,84379010,Parts Of Flour Mill Machinery,Kgs,4649.0,0.24,0.03,2024-06-01
2021-06-01,Indonesia,IDN,360,Asia,142,South-eastern Asia,35,33019017,Nut Meg Oleoresins,Kgs,0.05,1.34,0.0,2021-06-01
2021-12-01,Kuwait,KWT,414,Asia,142,Western Asia,145,85113020,Ignition Coils,Nos,0.01,0.03,0.0,2021-12-01
2018-04-01,Oman,OMN,512,Asia,142,Western Asia,145,68062000,Exfoltd Vermcult Expnd Clays Foamd Slag And Smlr Expnd Mnrl Matrls(Incl Intermxtrs),Kgs,0.46,0.25,0.0,2018-04-01
2024-08-01,Malaysia,MYS,458,Asia,142,South-eastern Asia,35,85044040,Non Automatic Voltage Regltor And Stabilzr,Nos,320.0,0.05,0.01,2024-08-01
2016-06-01,United Arab Emirates,ARE,784,Asia,142,Western Asia,145,87149100,"Frames,Forks And Prts Thereof",Nos,3.77,7.45,0.01,2016-06-01
2017-03-01,United Arab Emirates,ARE,784,Asia,142,Western Asia,145,85171890,Other,Nos,0.24,27.39,0.04,2017-03-01
2018-02-01,Sri Lanka,LKA,144,Asia,142,Southern Asia,34,94038900,Others,Nos,0.01,3.55,0.01,2018-02-01
2020-05-01,Bhutan,BTN,64,Asia,142,Southern Asia,34,27101920,Aviation Turbine Fuel (Atf),Kgs,20.96,4.56,0.01,2020-05-01
2019-11-01,Iraq,IRQ,368,Asia,142,Western Asia,145,29420090,"Other Diloxanide Furoate, Cimetidine, Famotidine Nes",Kgs,1.63,124.31,0.17,2019-11-01
2024-08-01,Thailand,THA,764,Asia,142,South-eastern Asia,35,87042200,G.V.W. >5 Tons Bt<=20 Tonnes,Nos,1.0,0.2,0.02,2024-08-01
2020-09-01,Bangladesh,BGD,50,Asia,142,Southern Asia,34,51119090,Others Othr Woven Fabrics Of Carded Wool Etc.,Sqm,0.63,1.16,0.0,2020-09-01
2016-07-01,Kuwait,KWT,414,Asia,142,Western Asia,145,73259999,Other Cast Articles Of Iron Or Steel N.E.S,Kgs,9.09,25.9,0.04,2016-07-01
2018-07-01,Oman,OMN,512,Asia,142,Western Asia,145,72179099,Other Wires N.E.S.,Kgs,0.02,0.03,0.0,2018-07-01
2019-02-01,Maldives,MDV,462,Asia,142,Southern Asia,34,76069290,Others,Kgs,0.01,0.03,0.0,2019-02-01
2020-09-01,Viet Nam,VNM,704,Asia,142,South-eastern Asia,35,29153999,Other,Kgs,,1.07,0.0,2020-09-01
2015-07-01,China,CHN,156,Asia,142,Eastern Asia,30,32041650,Reactive Blues,Kgs,140.4,642.76,1.01,2015-07-01
2015-12-01,Thailand,THA,764,Asia,142,South-eastern Asia,35,23099090,Other Preparations Of Animal Feeding,Kgs,74.06,139.72,0.21,2015-12-01
2018-02-01,Bahrain,BHR,48,Asia,142,Western Asia,145,7141000,Manioc (Cassava),Kgs,12.0,4.91,0.01,2018-02-01
2017-03-01,Yemen,YEM,887,Asia,142,Western Asia,145,85389000,Other Parts Of Hdg 8538,Kgs,0.02,0.58,0.0,2017-03-01
2017-12-01,Bahrain,BHR,48,Asia,142,Western Asia,145,72221119,Bright Bars Of Other Types,Kgs,0.01,0.01,0.0,2017-12-01
2017-04-01,Bangladesh,BGD,50,Asia,142,Southern Asia,34,29171940,Ferrous Fumerate,Kgs,6.0,6.74,0.01,2017-04-01
2020-02-01,Turkiye,TUR,792,Asia,142,Western Asia,145,25070029,Other Kaoline Nes,Kgs,122.0,27.15,0.04,2020-02-01
2024-11-01,United Arab Emirates,ARE,784,Asia,142,Western Asia,145,29051420,Salbutamol Sulphate,Kgs,10.0,0.01,0.0,2024-11-01
2017-04-01,Saudi Arabia,SAU,682,Asia,142,Western Asia,145,39173100,Flexible Tubes Pipes And Hoses Having A Minimum Burst Pressure Of 27.6 Mpa,Kgs,1.75,8.26,0.01,2017-04-01
2018-12-01,Thailand,THA,764,Asia,142,South-eastern Asia,35,84129090,Parts Of Other Engines And Motors,Kgs,0.3,3.59,0.01,2018-12-01
2019-04-01,Bahrain,BHR,48,Asia,142,Western Asia,145,63051040,Jute Sacking Bags,Kgs,0.08,1.15,0.0,2019-04-01
2018-01-01,Philippines,PHL,608,Asia,142,South-eastern Asia,35,85176290,Other,Nos,0.46,23.45,0.04,2018-01-01
2016-07-01,Republic of Korea,KOR,410,Asia,142,Eastern Asia,30,40103999,Trnsmsn Blt/Bltng Other Than Flat Blt/Ply Blt Where Ruby Compd More Than 25% By Wt.,Kgs,0.56,8.63,0.01,2016-07-01
2016-01-01,Qatar,QAT,634,Asia,142,Western Asia,145,94016900,Othr Seats Wth Wooden Frames,Nos,0.02,0.75,0.0,2016-01-01
2021-07-01,Maldives,MDV,462,Asia,142,Southern Asia,34,30059090,Other Dressing Articles N.E.S.,Kgs,2.76,19.88,0.03,2021-07-01
2016-12-01,Cambodia,KHM,116,Asia,142,South-eastern Asia,35,30049031,"Promethazine, Chlorpheniramine, Astemizole And Ceteirizine",Kgs,0.4,0.83,0.0,2016-12-01
2020-03-01,Cyprus,CYP,196,Asia,142,Western Asia,145,63029110,"Other Bed Linen, Table Lenen, Toilet Linen, Kitchen Linen: Of Cotton, Handloom",Kgs,1.09,5.88,0.01,2020-03-01
2017-06-01,Cambodia,KHM,116,Asia,142,South-eastern Asia,35,73082019,T0Wers F0R 0Ther Purp0Ses W/N Assembled,Kgs,0.03,78.43,0.12,2017-06-01
2019-09-01,Maldives,MDV,462,Asia,142,Southern Asia,34,39100090,Others,Kgs,0.01,0.16,0.0,2019-09-01
2017-08-01,United Arab Emirates,ARE,784,Asia,142,Western Asia,145,48195090,Othr Packns Contnrs Made Of Othr Materials,Kgs,1.3,1.45,0.0,2017-08-01
2020-01-01,United Arab Emirates,ARE,784,Asia,142,Western Asia,145,90173029,Othr Gauges,Nos,5.23,0.55,0.0,2020-01-01
2020-05-01,Bhutan,BTN,64,Asia,142,Southern Asia,34,61169200,Other Gloves Etc Of Cotton,Prs,5.3,1.35,0.0,2020-05-01
2015-02-01,"Taiwan, Province of China",TWN,158,Asia,142,Eastern Asia,30,72283029,Others,Kgs,269.0,159.39,0.26,2015-02-01
2020-02-01,Bahrain,BHR,48,Asia,142,Western Asia,145,42032910,Gloves For Use In Industry,Kgs,5.0,3.14,0.0,2020-02-01
2018-10-01,Sri Lanka,LKA,144,Asia,142,Southern Asia,34,7132020,Bengal Gram (Desi Chana),Kgs,82.5,45.7,0.06,2018-10-01
2020-04-01,Islamic Republic of Iran,IRN,364,Asia,142,Southern Asia,34,48025510,Litho And Offset Paper,Kgs,271.14,152.83,0.2,2020-04-01
2021-04-01,Singapore,SGP,702,Asia,142,South-eastern Asia,35,30021220,For Tetanus,Kgs,,0.02,0.0,2021-04-01
2016-12-01,Jordan,JOR,400,Asia,142,Western Asia,145,32151190,Other Black Printing Ink,Kgs,0.1,0.79,0.0,2016-12-01
2024-08-01,Jordan,JOR,400,Asia,142,Western Asia,145,90278930,Instruments And Apparatus For Measuring The Surfce Or Interfacial Tension Of Liqds,Nos,22.0,0.01,0.0,2024-08-01
2018-08-01,Bangladesh,BGD,50,Asia,142,Southern Asia,34,68042290,Others Including Finished Parts,Kgs,9.1,15.14,0.02,2018-08-01
2018-11-01,Bahrain,BHR,48,Asia,142,Western Asia,145,38160000,"Refractory Cements-Mortars-Concretes And Similar Composition Including Dolomite Rmming Mix,Othr Thn Prdcts Of Hdg No.3801",Kgs,332.41,66.9,0.09,2018-11-01
2020-10-01,Turkiye,TUR,792,Asia,142,Western Asia,145,48115110,Aseptic Packaging Paper,Kgs,51.72,36.59,0.05,2020-10-01
2021-08-01,Japan,JPN,392,Asia,142,Eastern Asia,30,87149990,Others,Kgs,0.22,5.48,0.01,2021-08-01
2016-03-01,Singapore,SGP,702,Asia,142,South-eastern Asia,35,33012945,Cumin Oil,Kgs,0.08,5.84,0.01,2016-03-01
2020-03-01,Kyrgyzstan,KGZ,417,Asia,142,Central Asia,143,62044220,Dresses Of Cotton,Nos,26.68,171.24,0.23,2020-03-01
2015-12-01,Republic of Korea,KOR,410,Asia,142,Eastern Asia,30,29241900,"Other Acyclic Amides And Their Derivtvs, Salts",Kgs,24.01,88.8,0.13,2015-12-01
2021-04-01,Lebanon,LBN,422,Asia,142,Western Asia,145,85043100,Othr Trnsfrmrs Hvng A Pwr Hndlng Capacity Not Excdng 1 Kva,Nos,0.03,0.33,0.0,2021-04-01
2015-09-01,Oman,OMN,512,Asia,142,Western Asia,145,18061000,Cocoa Pwdr Contng Sugar/Othr Swtng Matrl,Kgs,0.17,0.77,0.0,2015-09-01
2024-10-01,China,CHN,156,Asia,142,Eastern Asia,30,32049000,Othr Synthetic Organic Colorng Matter,Kgs,2.0,0.0,0.0,2024-10-01
2015-04-01,Sri Lanka,LKA,144,Asia,142,Southern Asia,34,28352200,Mono Or Disodium Phosphate,Kgs,0.02,0.11,0.0,2015-04-01
2020-02-01,China,CHN,156,Asia,142,Eastern Asia,30,28311020,Sodium Sulphoxylate (Incl Sodium Formal- Dehde Sulphoxylate),Kgs,14.45,18.58,0.03,2020-02-01
2021-09-01,Viet Nam,VNM,704,Asia,142,South-eastern Asia,35,15180039,Othr Veg Oil And Its Fats Excldedble Grade,Kgs,33.12,41.57,0.06,2021-09-01
2015-09-01,Uzbekistan,UZB,860,Asia,142,Central Asia,143,90021900,Other Objective Lenses,Nos,5.32,73.35,0.11,2015-09-01
2024-10-01,Viet Nam,VNM,704,Asia,142,South-eastern Asia,35,58012290,Others,Sqm,1314.0,0.03,0.0,2024-10-01
2015-01-01,Malaysia,MYS,458,Asia,142,South-eastern Asia,35,96081099,Other Ball-Point Pens Without Liquid Ink (For Rolling Ball Pen),Nos,95.2,2.53,0.0,2015-01-01
2025-03-01,Sri Lanka,LKA,144,Asia,142,Southern Asia,34,85334010,Potentiometers,Nos,120.0,0.0,0.0,2025-03-01
2024-07-01,Qatar,QAT,634,Asia,142,Western Asia,145,84621900,Other,Nos,1.0,0.0,0.0,2024-07-01
2021-02-01,United Arab Emirates,ARE,784,Asia,142,Western Asia,145,19021100,Uncokd Psta Ntstfd/Othrwse Prpd Cntng Eggs,Kgs,0.59,1.1,0.0,2021-02-01
2019-07-01,Sri Lanka,LKA,144,Asia,142,Southern Asia,34,84195030,Spiral Type Heat Exchange Unit,Nos,0.01,1.33,0.0,2019-07-01
2016-06-01,Viet Nam,VNM,704,Asia,142,South-eastern Asia,35,3033300,Sole Frozen,Kgs,49.91,58.33,0.09,2016-06-01
2019-09-01,Kyrgyzstan,KGZ,417,Asia,142,Central Asia,143,42029100,Othr Articls With Outer Surfce Of Lthr Of Composition Of Leather/Of Patent Leather,Nos,0.2,0.05,0.0,2019-09-01
2019-01-01,Afghanistan,AFG,4,Asia,142,Southern Asia,34,70072190,Other,Kgs,0.3,0.65,0.0,2019-01-01
2019-11-01,Nepal,NPL,524,Asia,142,Southern Asia,34,7131000,*Peas (Pisum Sativum) Dried And Shld,Kgs,0.9,0.17,0.0,2019-11-01
2016-11-01,Kuwait,KWT,414,Asia,142,Western Asia,145,70200019,Othr Glass Shells,Kgs,1.0,3.33,0.0,2016-11-01
2020-11-01,Qatar,QAT,634,Asia,142,Western Asia,145,99930090,Special Transactions N.E.S.,,,0.12,0.0,2020-11-01
2025-03-01,Maldives,MDV,462,Asia,142,Southern Asia,34,9092190,Other Seeds Of Coriander; Neither Crushed Nor Ground,Kgs,3160.0,0.05,0.01,2025-03-01
2016-07-01,Sri Lanka,LKA,144,Asia,142,Southern Asia,34,30044090,*Frmltns Of Othr Vgtbl Alklds And Its Drvtvs,Kgs,0.5,3.22,0.0,2016-07-01
2017-06-01,Saudi Arabia,SAU,682,Asia,142,Western Asia,145,31043000,Potassium Sulphate,Kgs,56.0,15.41,0.02,2017-06-01
2018-06-01,Malaysia,MYS,458,Asia,142,South-eastern Asia,35,85042100,Lqd Dielectrc Trnsfrmrs Hvng A Pwr Hndlng Capacity Nt Excdng 650 Kva,Nos,0.14,482.34,0.71,2018-06-01
2024-06-01,Bangladesh,BGD,50,Asia,142,Southern Asia,34,90189019,Othr Diagonostics Instruments,Nos,1367.0,0.22,0.03,2024-06-01
2018-03-01,Philippines,PHL,608,Asia,142,South-eastern Asia,35,29359011,Sulphamethoxazole,Kgs,40.0,261.77,0.4,2018-03-01
2017-04-01,Malaysia,MYS,458,Asia,142,South-eastern Asia,35,98051000,Processed Food,Kgs,0.0,0.02,0.0,2017-04-01
2021-08-01,Brunei Darussalam,BRN,96,Asia,142,South-eastern Asia,35,34013090,Other Organic Surface-Active Product Nes,Kgs,0.02,0.14,0.0,2021-08-01
2019-03-01,Turkiye,TUR,792,Asia,142,Western Asia,145,84313100,"Prts Of Lfts, Skip Hoists/Escalators",Kgs,29.85,49.04,0.07,2019-03-01
2021-10-01,Jordan,JOR,400,Asia,142,Western Asia,145,56050090,Others,Kgs,42.62,80.54,0.11,2021-10-01
2019-09-01,Indonesia,IDN,360,Asia,142,South-eastern Asia,35,9101210,Powder,Kgs,0.18,0.49,0.0,2019-09-01
2019-01-01,Maldives,MDV,462,Asia,142,Southern Asia,34,85099000,Parts,Kgs,0.05,0.22,0.0,2019-01-01
2024-05-01,Hong Kong,HKG,344,Asia,142,Eastern Asia,30,85393990,Othr Discharge Lamps,Nos,6.0,0.0,0.0,2024-05-01
2021-01-01,Islamic Republic of Iran,IRN,364,Asia,142,Southern Asia,34,29039130,P - Dichlorobenzene (Paradichlorobenzene),Kgs,42.0,26.04,0.04,2021-01-01
2016-06-01,Pakistan,PAK,586,Asia,142,Southern Asia,34,62041200,Suits Of Cotton,Nos,1.94,13.4,0.02,2016-06-01
2017-12-01,Oman,OMN,512,Asia,142,Western Asia,145,9103010,Fresh,Kgs,5.01,4.18,0.01,2017-12-01
2017-08-01,Turkiye,TUR,792,Asia,142,Western Asia,145,32041988,Food Colouring Browns,Kgs,3.23,12.72,0.02,2017-08-01
2017-02-01,Singapore,SGP,702,Asia,142,South-eastern Asia,35,54083290,Othr Artficl Fbrcs,Sqm,1.35,12.19,0.02,2017-02-01
2024-09-01,Bhutan,BTN,64,Asia,142,Southern Asia,34,18069030,Spreads Cntng Cocoa,Kgs,262.0,0.01,0.0,2024-09-01
2019-12-01,Thailand,THA,764,Asia,142,South-eastern Asia,35,90189022,"Surgical Knives,Sciss0Rs And Blade",Nos,460.18,9.15,0.01,2019-12-01
2017-02-01,Nepal,NPL,524,Asia,142,Southern Asia,34,85115000,Other Stater-Generators,Nos,0.03,3.57,0.01,2017-02-01
2016-03-01,Uzbekistan,UZB,860,Asia,142,Central Asia,143,84194020,Distilling Apparatus,Nos,0.0,35.1,0.05,2016-03-01
2021-10-01,Philippines,PHL,608,Asia,142,South-eastern Asia,35,90251990,Others,Nos,0.0,0.19,0.0,2021-10-01
2017-12-01,Indonesia,IDN,360,Asia,142,South-eastern Asia,35,32041331,Basic Red 1 (Rhodamine 6 G) -Non Azo,Kgs,0.1,4.0,0.01,2017-12-01
2018-09-01,Singapore,SGP,702,Asia,142,South-eastern Asia,35,30049089,Tranquilizers,Kgs,0.33,4.2,0.01,2018-09-01
2015-12-01,Qatar,QAT,634,Asia,142,Western Asia,145,28332290,Other Aluminium Sulphate,Kgs,96.0,9.37,0.01,2015-12-01
2017-11-01,Republic of Korea,KOR,410,Asia,142,Eastern Asia,30,38220090,*Others,Kgs,0.01,0.6,0.0,2017-11-01
2019-05-01,Nepal,NPL,524,Asia,142,Southern Asia,34,70051090,Othr Non-Wired Gls Hvg Absrbnt Rfltng Lyer,Sqm,67.61,174.26,0.25,2019-05-01
2019-03-01,Japan,JPN,392,Asia,142,Eastern Asia,30,9023020,Black Tea In Packt>25 Gm But<=1 Kg,Kgs,1.61,7.65,0.01,2019-03-01
2020-11-01,Malaysia,MYS,458,Asia,142,South-eastern Asia,35,33019021,Clove Oleoresin,Kgs,0.04,0.74,0.0,2020-11-01
2018-06-01,Islamic Republic of Iran,IRN,364,Asia,142,Southern Asia,34,29094300,Monobutyl Ethers Of Ethylene Glycol Or Of Diethylene Glycol,Kgs,470.0,494.62,0.73,2018-06-01
2020-05-01,"Taiwan, Province of China",TWN,158,Asia,142,Eastern Asia,30,29337990,Other,Kgs,0.01,5.45,0.01,2020-05-01
2016-03-01,Sri Lanka,LKA,144,Asia,142,Southern Asia,34,32041978,Solvent Based Colouring Matters: Blacks,Kgs,1.0,5.47,0.01,2016-03-01
2017-07-01,Thailand,THA,764,Asia,142,South-eastern Asia,35,90221490,Other X-Ray Mchns Fr Medcl Uses,Nos,0.0,38.21,0.06,2017-07-01
2024-05-01,Nepal,NPL,524,Asia,142,Southern Asia,34,60062400,"Othr Knited Or Crochetd Fbrcs Of Cotton , Printd",Kgs,123.0,0.0,0.0,2024-05-01
2024-07-01,Nepal,NPL,524,Asia,142,Southern Asia,34,61046990,"Trousers,Bib And Brace Etc Of Other Fibres",Nos,10002.0,0.16,0.02,2024-07-01
2021-02-01,Malaysia,MYS,458,Asia,142,South-eastern Asia,35,52041190,Others,Kgs,1.28,1.59,0.0,2021-02-01
2019-05-01,Pakistan,PAK,586,Asia,142,Southern Asia,34,65069100,Other Headgear Of Rubber Or Of Plastics,Kgs,0.01,0.02,0.0,2019-05-01
2016-12-01,Malaysia,MYS,458,Asia,142,South-eastern Asia,35,33049110,Powder Face,Kgs,4.42,4.76,0.01,2016-12-01
2020-01-01,Sri Lanka,LKA,144,Asia,142,Southern Asia,34,56075040,Nylon Rope,Kgs,1.1,6.64,0.01,2020-01-01
